{"cameraMode":{"drawMode":0,"name":"Shaded","section":"Shading Mode"},"sceneLighting":false,"audioPlay":false,"sceneViewState":{"showFog":false,"showMaterialUpdate":false,"showSkybox":false,"showFlares":false,"showImageEffects":false,"showParticleSystems":false},"in2DMode":false,"pivot":{"x":-0.796999990940094,"y":1.8680000305175782,"z":3.8239998817443849},"rotation":{"x":-0.2615441083908081,"y":-0.07774031162261963,"z":0.021267835050821306,"w":-0.9618796110153198},"size":0.05532418563961983,"orthographic":false}