{"cameraMode":{"drawMode":0,"name":"Shaded","section":"Shading Mode"},"sceneLighting":false,"audioPlay":false,"sceneViewState":{"showFog":false,"showMaterialUpdate":false,"showSkybox":false,"showFlares":false,"showImageEffects":false,"showParticleSystems":false},"in2DMode":false,"pivot":{"x":0.16432616114616395,"y":0.20569998025894166,"z":-0.22275204956531526},"rotation":{"x":0.2832900583744049,"y":-0.6192787885665894,"z":0.25568687915802,"w":0.6863303184509277},"size":0.38369137048721316,"orthographic":false}