{"cameraMode":{"drawMode":0,"name":"Shaded","section":"Shading Mode"},"sceneLighting":false,"audioPlay":false,"sceneViewState":{"showFog":false,"showMaterialUpdate":false,"showSkybox":false,"showFlares":false,"showImageEffects":false,"showParticleSystems":false},"in2DMode":false,"pivot":{"x":-0.6056385040283203,"y":1.4886099100112916,"z":3.2716846466064455},"rotation":{"x":-0.05365961045026779,"y":0.6798539757728577,"z":-0.050144512206315997,"w":-0.7297741174697876},"size":1.2272419929504395,"orthographic":false}