{"cameraMode":{"drawMode":0,"name":"Shaded","section":"Shading Mode"},"sceneLighting":false,"audioPlay":false,"sceneViewState":{"showFog":false,"showMaterialUpdate":false,"showSkybox":false,"showFlares":false,"showImageEffects":false,"showParticleSystems":false},"in2DMode":false,"pivot":{"x":0.15632614493370057,"y":0.24905753135681153,"z":-0.1947520673274994},"rotation":{"x":-0.11958111077547074,"y":0.04763386771082878,"z":-0.005863330326974392,"w":-0.9917466044425964},"size":0.4614083170890808,"orthographic":false}