{"cameraMode":{"drawMode":0,"name":"Shaded","section":"Shading Mode"},"sceneLighting":true,"audioPlay":false,"sceneViewState":{"showFog":false,"showMaterialUpdate":false,"showSkybox":false,"showFlares":false,"showImageEffects":false,"showParticleSystems":false},"in2DMode":false,"pivot":{"x":-0.8694514036178589,"y":1.446593999862671,"z":2.3028934001922609},"rotation":{"x":-0.1615971177816391,"y":0.0035499786026775839,"z":-0.0005810983711853623,"w":-0.9868521690368652},"size":1.5775146484375,"orthographic":false}