{"cameraMode":{"drawMode":0,"name":"Shaded","section":"Shading Mode"},"sceneLighting":false,"audioPlay":false,"sceneViewState":{"showFog":false,"showMaterialUpdate":false,"showSkybox":false,"showFlares":false,"showImageEffects":false,"showParticleSystems":false},"in2DMode":false,"pivot":{"x":-0.18780207633972169,"y":-0.055266380310058597,"z":1.011958360671997},"rotation":{"x":0.47415128350257876,"y":-0.5212554931640625,"z":0.45178869366645815,"w":0.5473187565803528},"size":0.9953297972679138,"orthographic":false}