{"cameraMode":{"drawMode":0,"name":"Shaded","section":"Shading Mode"},"sceneLighting":true,"audioPlay":false,"sceneViewState":{"showFog":false,"showMaterialUpdate":false,"showSkybox":false,"showFlares":false,"showImageEffects":false,"showParticleSystems":false},"in2DMode":false,"pivot":{"x":1.5849288702011109,"y":1.9069207906723023,"z":4.950999736785889},"rotation":{"x":-0.1230091005563736,"y":0.8448221683502197,"z":-0.22022633254528047,"w":-0.4718915820121765},"size":0.29998284578323367,"orthographic":false}